<?xml version="1.0" encoding="UTF-8"?>
<beans xmlns="http://www.springframework.org/schema/beans"
	xmlns:xsi="http://www.w3.org/2001/XMLSchema-instance" xmlns:p="http://www.springframework.org/schema/p"
	xmlns:context="http://www.springframework.org/schema/context" xmlns:tx="http://www.springframework.org/schema/tx"
	xsi:schemaLocation="http://www.springframework.org/schema/mvc http://www.springframework.org/schema/mvc/spring-mvc.xsd
		http://www.springframework.org/schema/beans http://www.springframework.org/schema/beans/spring-beans.xsd
		http://www.springframework.org/schema/context http://www.springframework.org/schema/context/spring-context.xsd
		http://www.springframework.org/schema/tx http://www.springframework.org/schema/tx/spring-tx-4.0.xsd">
	<context:annotation-config />
	<context:component-scan base-package="com.jakki.jakkicc" />
	<bean
		class="org.springframework.web.servlet.view.InternalResourceViewResolver">
		<property name="prefix" value="/" />
		<property name="suffix" value=".jsp" />

	</bean>

	<bean id="dataSource" class="org.apache.commons.dbcp.BasicDataSource"
		destroy-method="close">
		<property name="driverClassName" value="com.mysql.jdbc.Driver" />
		<property name="url" value="jdbc:mysql://localhost:3306/springhibernate1" />
		<property name="username" value="root" />
		<property name="password" value="sainath" />
	</bean>

	<!-- Hibernate 4 SessionFactory Bean definition -->
	<bean id="hibernate4AnnotatedSessionFactory"
		class="org.springframework.orm.hibernate4.LocalSessionFactoryBean">
		<property name="dataSource" ref="dataSource" />
		<property name="annotatedClasses">
			<list>
				<value>com.jakki.jakkicc.model.Address</value>
				<value>com.jakki.jakkicc.model.Applicant</value>
				<value>com.jakki.jakkicc.model.CreditCard</value>
			</list>
		</property>
		<property name="hibernateProperties">
			<props>
				<prop key="hibernate.dialect">org.hibernate.dialect.MySQL5Dialect
				</prop>
				<prop key="hibernate.hbm2ddl.auto">update
				</prop>
				<prop key="hibernate.show_sql">true</prop>
			</props>
		</property>
	</bean>

	<tx:annotation-driven transaction-manager="transactionManager" />

	<bean id="transactionManager"
		class="org.springframework.orm.hibernate4.HibernateTransactionManager">
		<property name="sessionFactory" ref="hibernate4AnnotatedSessionFactory" />
	</bean>

	<bean id="service" class="com.jakki.jakkicc.service.CreditCardService">
		<property name="creditCardDao" ref="creditCardDao" />


	</bean>
	<bean id="creditCardDao" class="com.jakki.jakkicc.dao.CreditCardDao">
		<property name="sessionFactory" ref="hibernate4AnnotatedSessionFactory" />
	</bean>
	<!-- <bean id="EquifaxService" class="com.jakki.jakkicc.service.EquifaxService"> -->

<!-- 		
	</bean>
 -->

</beans>  